timestamp,type,message
2025-08-17,chunk_error,"HTTP 500 Internal Server Error.
• status: internal_error
• message: Something is wrong. Please try again later.
• log_id: 202508170002493926EB91CDACF4640808"
2025-08-17,chunk_error,"HTTP 500 Internal Server Error.
• status: internal_error
• message: Something is wrong. Please try again later.
• log_id: 2025081700043547C6BF539D0BB7470E3D"
2025-08-17,chunk_error,"HTTP 500 Internal Server Error.
• status: internal_error
• message: Something is wrong. Please try again later.
• log_id: 20250817000620D7242ADC9E1B1546D80D"
2025-08-17,chunk_error,"HTTP 500 Internal Server Error.
• status: internal_error
• message: Something is wrong. Please try again later.
• log_id: 20250817000805DD24BDE8DE05135362E0"
2025-08-17,chunk_error,"HTTP 500 Internal Server Error.
• status: internal_error
• message: Something is wrong. Please try again later.
• log_id: 20250817000950BB599B1184B40950E659"
2025-08-17,chunk_error,"HTTP 500 Internal Server Error.
• status: internal_error
• message: Something is wrong. Please try again later.
• log_id: 202508170011361EEA8FEC221D5C690A41"
2025-08-17,chunk_error,"HTTP 500 Internal Server Error.
• status: internal_error
• message: Something is wrong. Please try again later.
• log_id: 20250817001321F272E541A524B54812FD"
2025-08-17,chunk_error,"HTTP 500 Internal Server Error.
• status: internal_error
• message: Something is wrong. Please try again later.
• log_id: 20250817001506C4AC062F5008725BB6F2"
2025-08-17,chunk_error,"HTTP 500 Internal Server Error.
• status: internal_error
• message: Something is wrong. Please try again later.
• log_id: 20250817001652FA05C4BE235DE05873DD"
2025-08-17,chunk_error,"HTTP 500 Internal Server Error.
• status: internal_error
• message: Something is wrong. Please try again later.
• log_id: 202508170018380D18A1CBACC8C3485434"
2025-08-17,chunk_error,"HTTP 500 Internal Server Error.
• status: internal_error
• message: Something is wrong. Please try again later.
• log_id: 202508170020231613ACCB59AFED5B77EC"
2025-08-17,chunk_error,"HTTP 500 Internal Server Error.
• status: internal_error
• message: Something is wrong. Please try again later.
• log_id: 20250817002209AF41EF63587D5B53B425"
2025-08-17,chunk_error,"HTTP 500 Internal Server Error.
• status: internal_error
• message: Something is wrong. Please try again later.
• log_id: 20250817002537D18365C6B094F3491078"
2025-08-17,chunk_error,"HTTP 500 Internal Server Error.
• status: internal_error
• message: Something is wrong. Please try again later.
• log_id: 202508170027237DC017008D76FF4B869C"
2025-08-17,chunk_error,"HTTP 500 Internal Server Error.
• status: internal_error
• message: Something is wrong. Please try again later.
• log_id: 202508170029084E5D7803506F4B48DC55"
2025-08-17,chunk_error,"HTTP 500 Internal Server Error.
• status: internal_error
• message: Something is wrong. Please try again later.
• log_id: 20250817003054D33A608E6FC6B466D301"
2025-08-17,chunk_error,"HTTP 500 Internal Server Error.
• status: internal_error
• message: Something is wrong. Please try again later.
• log_id: 20250817003239B739FD3DE79CF349CC45"
2025-08-17,chunk_error,"HTTP 500 Internal Server Error.
• status: internal_error
• message: Something is wrong. Please try again later.
• log_id: 20250817003425C1A0A31B00A3074FD71A"
2025-08-17,chunk_error,"HTTP 500 Internal Server Error.
• status: internal_error
• message: Something is wrong. Please try again later.
• log_id: 20250817003610F2DC0B189E9B4852CBCD"
2025-08-17,chunk_error,"HTTP 500 Internal Server Error.
• status: internal_error
• message: Something is wrong. Please try again later.
• log_id: 202508170037565F37381F86EAC548F2F4"
2025-08-17,chunk_error,"HTTP 500 Internal Server Error.
• status: internal_error
• message: Something is wrong. Please try again later.
• log_id: 202508170039419E182B898F274150C2EC"
2025-08-17,chunk_error,"HTTP 500 Internal Server Error.
• status: internal_error
• message: Something is wrong. Please try again later.
• log_id: 20250817004127F5821118CC91E7545286"
2025-08-17,chunk_error,"HTTP 500 Internal Server Error.
• status: internal_error
• message: Something is wrong. Please try again later.
• log_id: 2025081700431277F36F2A7CA30B50AE02"
2025-08-17,chunk_error,"HTTP 500 Internal Server Error.
• status: internal_error
• message: Something is wrong. Please try again later.
• log_id: 20250817004458A86D21E85692F85DE4C9"
2025-08-17,chunk_error,"HTTP 500 Internal Server Error.
• status: internal_error
• message: Something is wrong. Please try again later.
• log_id: 202508170046435899F7FA63FAEF4A215A"
2025-08-17,chunk_error,"HTTP 500 Internal Server Error.
• status: internal_error
• message: Something is wrong. Please try again later.
• log_id: 202508170048306DF9F7BE4E5BDC525951"
2025-08-17,chunk_error,"HTTP 500 Internal Server Error.
• status: internal_error
• message: Something is wrong. Please try again later.
• log_id: 2025081700501534209099EB4E7C4E8DF6"
2025-08-17,chunk_error,"HTTP 500 Internal Server Error.
• status: internal_error
• message: Something is wrong. Please try again later.
• log_id: 20250817005201879064C172B8C5523B1D"
2025-08-17,chunk_error,"HTTP 500 Internal Server Error.
• status: internal_error
• message: Something is wrong. Please try again later.
• log_id: 20250817005346023BDD6C84F0044B4BFE"
2025-08-17,chunk_error,"HTTP 500 Internal Server Error.
• status: internal_error
• message: Something is wrong. Please try again later.
• log_id: 2025081700553260D512124FD01B4D163B"
2025-08-17,chunk_error,"HTTP 500 Internal Server Error.
• status: internal_error
• message: Something is wrong. Please try again later.
• log_id: 20250817005717F5D319522A54514B38CC"
2025-08-17,chunk_error,"HTTP 500 Internal Server Error.
• status: internal_error
• message: Something is wrong. Please try again later.
• log_id: 20250817005903C89D432DC812764B136D"
2025-08-17,chunk_error,"HTTP 500 Internal Server Error.
• status: internal_error
• message: Something is wrong. Please try again later.
• log_id: 202508170100487BE71E4605E8094BF9B7"
2025-08-17,chunk_error,"HTTP 500 Internal Server Error.
• status: internal_error
• message: Something is wrong. Please try again later.
• log_id: 202508170102342BF6381B9FB92550A1A3"
2025-08-17,chunk_error,"HTTP 500 Internal Server Error.
• status: internal_error
• message: Something is wrong. Please try again later.
• log_id: 2025081701042027F9E13C098C1C5DC440"
2025-08-17,chunk_error,"HTTP 500 Internal Server Error.
• status: internal_error
• message: Something is wrong. Please try again later.
• log_id: 202508170106052222989380FC5B4AC4BA"
2025-08-17,chunk_error,"HTTP 500 Internal Server Error.
• status: internal_error
• message: Something is wrong. Please try again later.
• log_id: 202508170107516921CE5B83A0F253F84E"
2025-08-17,chunk_error,"HTTP 500 Internal Server Error.
• status: internal_error
• message: Something is wrong. Please try again later.
• log_id: 202508170109377CF3C46D98EC194BF19A"
2025-08-17,chunk_error,"HTTP 500 Internal Server Error.
• status: internal_error
• message: Something is wrong. Please try again later.
• log_id: 20250817011122BDCCD51BA2C93C4B7FFA"
2025-08-17,chunk_error,"HTTP 500 Internal Server Error.
• status: internal_error
• message: Something is wrong. Please try again later.
• log_id: 20250817011308C432DD89C8B4015BF9ED"
2025-08-17,chunk_error,"HTTP 500 Internal Server Error.
• status: internal_error
• message: Something is wrong. Please try again later.
• log_id: 20250817011453C338898E288B3A4F47C9"
2025-08-17,chunk_error,"HTTP 500 Internal Server Error.
• status: internal_error
• message: Something is wrong. Please try again later.
• log_id: 202508170116399FC16DE4DAE2AE601D20"
2025-08-17,chunk_error,"HTTP 500 Internal Server Error.
• status: internal_error
• message: Something is wrong. Please try again later.
• log_id: 202508170118258C703076E5D3D154D5F2"
2025-08-17,chunk_error,"HTTP 500 Internal Server Error.
• status: internal_error
• message: Something is wrong. Please try again later.
• log_id: 2025081701201195A6795859ABB65026C7"
2025-08-17,chunk_error,"HTTP 500 Internal Server Error.
• status: internal_error
• message: Something is wrong. Please try again later.
• log_id: 20250817012156FB43E5B85425E04C2802"
2025-08-17,chunk_error,"HTTP 500 Internal Server Error.
• status: internal_error
• message: Something is wrong. Please try again later.
• log_id: 20250817012342EDE4869734D6764D8A14"
2025-08-17,empty_chunk,no message
2025-08-17,chunk_error,"HTTP 500 Internal Server Error.
• status: internal_error
• message: Something is wrong. Please try again later.
• log_id: 202508170125336275C5ADC449075D9201"
2025-08-17,chunk_error,"HTTP 500 Internal Server Error.
• status: internal_error
• message: Something is wrong. Please try again later.
• log_id: 2025081701271988C66422C1C6C5512554"
2025-08-17,empty_chunk,no message
2025-08-17,empty_chunk,no message
2025-08-17,empty_chunk,no message
2025-08-17,chunk_error,"HTTP 500 Internal Server Error.
• status: internal_error
• message: Something is wrong. Please try again later.
• log_id: 202508170129166BB7A956B710845953F2"
2025-08-17,chunk_error,"HTTP 500 Internal Server Error.
• status: internal_error
• message: Something is wrong. Please try again later.
• log_id: 2025081701310230BEE2600BA4BA4D959D"
2025-08-17,empty_chunk,no message
2025-08-17,chunk_error,"HTTP 500 Internal Server Error.
• status: internal_error
• message: Something is wrong. Please try again later.
• log_id: 20250817013252A0F6F8F433C5B9569B86"
2025-08-17,chunk_error,"HTTP 500 Internal Server Error.
• status: internal_error
• message: Something is wrong. Please try again later.
• log_id: 20250817013437C3DCFC4AC4227C6C7875"
2025-08-17,chunk_error,"HTTP 500 Internal Server Error.
• status: internal_error
• message: Something is wrong. Please try again later.
• log_id: 202508170136221CFCC601A9FC8E5642DB"
2025-08-17,empty_chunk,no message
2025-08-17,chunk_error,"HTTP 500 Internal Server Error.
• status: internal_error
• message: Something is wrong. Please try again later.
• log_id: 20250817013812752844B86F095E522A5C"
2025-08-17,chunk_error,"HTTP 500 Internal Server Error.
• status: internal_error
• message: Something is wrong. Please try again later.
• log_id: 2025081701395831423DB8A24EEB55C385"
2025-08-17,chunk_error,"HTTP 500 Internal Server Error.
• status: internal_error
• message: Something is wrong. Please try again later.
• log_id: 20250817014144F12329ABF071624CB906"
2025-08-17,chunk_error,"HTTP 500 Internal Server Error.
• status: internal_error
• message: Something is wrong. Please try again later.
• log_id: 20250817014329B79589D55AD4B354CBFD"
2025-08-17,chunk_error,"HTTP 500 Internal Server Error.
• status: internal_error
• message: Something is wrong. Please try again later.
• log_id: 202508170145153120B996887CDE4BFF6B"
2025-08-17,chunk_error,"HTTP 500 Internal Server Error.
• status: internal_error
• message: Something is wrong. Please try again later.
• log_id: 2025081701470001BA65A975448955A443"
2025-08-17,empty_chunk,no message
2025-08-17,empty_chunk,no message
2025-08-17,chunk_error,"HTTP 500 Internal Server Error.
• status: internal_error
• message: Something is wrong. Please try again later.
• log_id: 20250817014854C9AA1A8AC77C42558378"
2025-08-17,chunk_error,"HTTP 500 Internal Server Error.
• status: internal_error
• message: Something is wrong. Please try again later.
• log_id: 20250817015039CB0E423C35D85B4FB072"
2025-08-17,chunk_error,"HTTP 500 Internal Server Error.
• status: internal_error
• message: Something is wrong. Please try again later.
• log_id: 20250817015225F9D9849090663E558056"
2025-08-17,chunk_error,"HTTP 500 Internal Server Error.
• status: internal_error
• message: Something is wrong. Please try again later.
• log_id: 2025081701541152BC0CAD6BC0B77D3474"
2025-08-17,chunk_error,"HTTP 500 Internal Server Error.
• status: internal_error
• message: Something is wrong. Please try again later.
• log_id: 202508170155569EDEC3A639D30354D8AA"
2025-08-17,chunk_error,"HTTP 500 Internal Server Error.
• status: internal_error
• message: Something is wrong. Please try again later.
• log_id: 20250817015742AF3E33DAA6C05C4EF274"
2025-08-17,chunk_error,"HTTP 500 Internal Server Error.
• status: internal_error
• message: Something is wrong. Please try again later.
• log_id: 20250817015928C816F3E4A4131D4E5C28"
2025-08-17,empty_chunk,no message
2025-08-17,chunk_error,"HTTP 401 Unauthorized.
• status: access_token_invalid
• message: The access token is invalid or not found in the request.
• log_id: 20250817020117A28C26911203C3548207"
2025-08-17,chunk_error,"HTTP 500 Internal Server Error.
• status: internal_error
• message: Something is wrong. Please try again later.
• log_id: 2025081702030363FB8D224858A94E53A1"
2025-08-17,chunk_error,"HTTP 500 Internal Server Error.
• status: internal_error
• message: Something is wrong. Please try again later.
• log_id: 202508170204496B277B04E80B445FCFBA"
2025-08-17,chunk_error,"HTTP 500 Internal Server Error.
• status: internal_error
• message: Something is wrong. Please try again later.
• log_id: 202508170206362BCDE34C5145615D6F45"
2025-08-17,chunk_error,"HTTP 500 Internal Server Error.
• status: internal_error
• message: Something is wrong. Please try again later.
• log_id: 2025081702082248231CEDC1900F561EAA"
2025-08-17,chunk_error,"HTTP 500 Internal Server Error.
• status: internal_error
• message: Something is wrong. Please try again later.
• log_id: 202508170210070768774A71C82A5598F0"
2025-08-17,chunk_error,"HTTP 500 Internal Server Error.
• status: internal_error
• message: Something is wrong. Please try again later.
• log_id: 202508170211533932CCD21329645213DF"
2025-08-17,empty_chunk,no message
2025-08-17,chunk_error,"HTTP 500 Internal Server Error.
• status: internal_error
• message: Something is wrong. Please try again later.
• log_id: 20250817021343E0D28071E44CE950D5D6"
2025-08-17,chunk_error,"HTTP 500 Internal Server Error.
• status: internal_error
• message: Something is wrong. Please try again later.
• log_id: 202508170215282D366FF53A2F2E57EDAA"
2025-08-17,chunk_error,"HTTP 500 Internal Server Error.
• status: internal_error
• message: Something is wrong. Please try again later.
• log_id: 2025081702171418A31C853917535893F6"
2025-08-17,empty_chunk,no message
2025-08-17,chunk_error,"HTTP 500 Internal Server Error.
• status: internal_error
• message: Something is wrong. Please try again later.
• log_id: 202508170219042017FFC894AE9E7DE743"
2025-08-17,chunk_error,"HTTP 500 Internal Server Error.
• status: internal_error
• message: Something is wrong. Please try again later.
• log_id: 20250817022049BE59FB314356EA50A96C"
2025-08-17,empty_chunk,no message
2025-08-17,empty_chunk,no message
2025-08-17,chunk_error,"HTTP 500 Internal Server Error.
• status: internal_error
• message: Something is wrong. Please try again later.
• log_id: 20250817022243CE5F48CDEABC285DB4F0"
2025-08-17,empty_chunk,no message
2025-08-17,chunk_error,"HTTP 500 Internal Server Error.
• status: internal_error
• message: Something is wrong. Please try again later.
• log_id: 20250817022434C925C2E3CA339559DF65"
2025-08-17,chunk_error,"HTTP 500 Internal Server Error.
• status: internal_error
• message: Something is wrong. Please try again later.
• log_id: 202508170226209C1BFFFF3A93FE58AA07"
2025-08-17,chunk_error,"HTTP 500 Internal Server Error.
• status: internal_error
• message: Something is wrong. Please try again later.
• log_id: 20250817022949B18D28973F4C795775D8"
2025-08-17,chunk_error,"HTTP 500 Internal Server Error.
• status: internal_error
• message: Something is wrong. Please try again later.
• log_id: 202508170231340DDE059C97F8E04E5C07"
2025-08-17,chunk_error,"HTTP 500 Internal Server Error.
• status: internal_error
• message: Something is wrong. Please try again later.
• log_id: 202508170233207898ED1B287A9F572056"
2025-08-17,chunk_error,"HTTP 500 Internal Server Error.
• status: internal_error
• message: Something is wrong. Please try again later.
• log_id: 20250817023505DD8C8009A128F951694A"
2025-08-17,empty_chunk,no message
2025-08-17,chunk_error,"HTTP 500 Internal Server Error.
• status: internal_error
• message: Something is wrong. Please try again later.
• log_id: 20250817023655056C607F323FAD508C6A"
2025-08-17,empty_chunk,no message
2025-08-17,empty_chunk,no message
2025-08-17,chunk_error,"HTTP 500 Internal Server Error.
• status: internal_error
• message: Something is wrong. Please try again later.
• log_id: 20250817023853064448496C5FDF4FE98D"
2025-08-17,empty_chunk,no message
2025-08-17,chunk_error,"HTTP 500 Internal Server Error.
• status: internal_error
• message: Something is wrong. Please try again later.
• log_id: 20250817024043AF0C37B7A49884573B6A"
2025-08-17,chunk_error,"HTTP 500 Internal Server Error.
• status: internal_error
• message: Something is wrong. Please try again later.
• log_id: 20250817024228979248DAFAC2D25A1552"
2025-08-17,chunk_error,"HTTP 500 Internal Server Error.
• status: internal_error
• message: Something is wrong. Please try again later.
• log_id: 20250817024414272D7055A1E7FE6F2737"
2025-08-17,chunk_error,"HTTP 500 Internal Server Error.
• status: internal_error
• message: Something is wrong. Please try again later.
• log_id: 20250817024600C30D4DA184A808595770"
2025-08-17,chunk_error,"HTTP 500 Internal Server Error.
• status: internal_error
• message: Something is wrong. Please try again later.
• log_id: 202508170247453671228EEE1FE44F48CE"
2025-08-17,chunk_error,"HTTP 500 Internal Server Error.
• status: internal_error
• message: Something is wrong. Please try again later.
• log_id: 2025081702493113CF54F4872D12524C8D"
2025-08-17,chunk_error,"HTTP 500 Internal Server Error.
• status: internal_error
• message: Something is wrong. Please try again later.
• log_id: 2025081702511747A7EA9AE00CB065C196"
2025-08-17,chunk_error,"HTTP 500 Internal Server Error.
• status: internal_error
• message: Something is wrong. Please try again later.
• log_id: 20250817025303648D629A908CEA517F80"
2025-08-17,chunk_error,"HTTP 500 Internal Server Error.
• status: internal_error
• message: Something is wrong. Please try again later.
• log_id: 20250817025449D6493B784EC6D86DF369"
2025-08-17,chunk_error,"HTTP 500 Internal Server Error.
• status: internal_error
• message: Something is wrong. Please try again later.
• log_id: 2025081702563567D7AAF40F0BCC63292E"
2025-08-17,chunk_error,"HTTP 500 Internal Server Error.
• status: internal_error
• message: Something is wrong. Please try again later.
• log_id: 20250817025820AEF4ABAD3E28E858174B"
2025-08-17,chunk_error,"HTTP 500 Internal Server Error.
• status: internal_error
• message: Something is wrong. Please try again later.
• log_id: 202508170300064CF79A017C65A559AA04"
2025-08-17,chunk_error,"HTTP 500 Internal Server Error.
• status: internal_error
• message: Something is wrong. Please try again later.
• log_id: 2025081703015206BFEEE6B4527F521B3C"
2025-08-17,empty_chunk,no message
2025-08-17,empty_chunk,no message
2025-08-17,chunk_error,"HTTP 500 Internal Server Error.
• status: internal_error
• message: Something is wrong. Please try again later.
• log_id: 2025081703034598DE2F5F8EFB9A68945E"
2025-08-17,empty_chunk,no message
2025-08-17,chunk_error,"HTTP 500 Internal Server Error.
• status: internal_error
• message: Something is wrong. Please try again later.
• log_id: 2025081703053615C787B1A4DEA6642645"
2025-08-17,chunk_error,"HTTP 500 Internal Server Error.
• status: internal_error
• message: Something is wrong. Please try again later.
• log_id: 2025081703072296498DC561C6DA634C72"
2025-08-17,chunk_error,"HTTP 500 Internal Server Error.
• status: internal_error
• message: Something is wrong. Please try again later.
• log_id: 20250817030908883070FE92FBE18340C0"
2025-08-17,chunk_error,"HTTP 500 Internal Server Error.
• status: internal_error
• message: Something is wrong. Please try again later.
• log_id: 20250817031054AA3663AE717AF453482E"
2025-08-17,chunk_error,"HTTP 500 Internal Server Error.
• status: internal_error
• message: Something is wrong. Please try again later.
• log_id: 20250817031240568AA5C4DD6FE4652E47"
2025-08-17,empty_chunk,no message
2025-08-17,chunk_error,"HTTP 500 Internal Server Error.
• status: internal_error
• message: Something is wrong. Please try again later.
• log_id: 20250817031612F4C64097218BC359EB82"
2025-08-17,empty_chunk,no message
2025-08-17,empty_chunk,no message
2025-08-17,chunk_error,"HTTP 500 Internal Server Error.
• status: internal_error
• message: Something is wrong. Please try again later.
• log_id: 202508170318055D186BDF899FE05766F6"
2025-08-17,chunk_error,"HTTP 500 Internal Server Error.
• status: internal_error
• message: Something is wrong. Please try again later.
• log_id: 20250817031951D86C46E6C95A045D8735"
2025-08-17,chunk_error,"HTTP 500 Internal Server Error.
• status: internal_error
• message: Something is wrong. Please try again later.
• log_id: 2025081703213742DAA54AC91D7B539D8D"
2025-08-17,chunk_error,"HTTP 500 Internal Server Error.
• status: internal_error
• message: Something is wrong. Please try again later.
• log_id: 202508170323238795D8405A8DC25E01CA"
2025-08-17,chunk_error,"HTTP 500 Internal Server Error.
• status: internal_error
• message: Something is wrong. Please try again later.
• log_id: 2025081703250874D0359CFC5DAB67C8B1"
2025-08-17,chunk_error,"HTTP 500 Internal Server Error.
• status: internal_error
• message: Something is wrong. Please try again later.
• log_id: 20250817032653D8B3C215CD7AB464C4E0"
2025-08-17,chunk_error,"HTTP 500 Internal Server Error.
• status: internal_error
• message: Something is wrong. Please try again later.
• log_id: 202508170328391BC9EE31BD782F540920"
2025-08-17,chunk_error,"HTTP 500 Internal Server Error.
• status: internal_error
• message: Something is wrong. Please try again later.
• log_id: 20250817033024486C4642A1745953AB07"
2025-08-17,chunk_error,"HTTP 500 Internal Server Error.
• status: internal_error
• message: Something is wrong. Please try again later.
• log_id: 202508170332107D0CD4036161235BC890"
2025-08-17,chunk_error,"HTTP 500 Internal Server Error.
• status: internal_error
• message: Something is wrong. Please try again later.
• log_id: 20250817033355D36DA95AB7D57E5C6FC8"
2025-08-17,chunk_error,"HTTP 500 Internal Server Error.
• status: internal_error
• message: Something is wrong. Please try again later.
• log_id: 20250817033540E5895937C6F6DF532975"
2025-08-17,chunk_error,"HTTP 500 Internal Server Error.
• status: internal_error
• message: Something is wrong. Please try again later.
• log_id: 20250817033727C7C0BFFD5449CA531E69"
2025-08-17,chunk_error,"HTTP 500 Internal Server Error.
• status: internal_error
• message: Something is wrong. Please try again later.
• log_id: 202508170339122BD759853953805A54C2"
2025-08-17,chunk_error,"HTTP 500 Internal Server Error.
• status: internal_error
• message: Something is wrong. Please try again later.
• log_id: 202508170340578E36A8D06969DC766209"
2025-08-17,chunk_error,"HTTP 500 Internal Server Error.
• status: internal_error
• message: Something is wrong. Please try again later.
• log_id: 20250817034243E5FCB17D3E87C95BCA4C"
2025-08-17,chunk_error,"HTTP 500 Internal Server Error.
• status: internal_error
• message: Something is wrong. Please try again later.
• log_id: 202508170346138D9C5783AC0CE854B8A5"
2025-08-17,chunk_error,"HTTP 500 Internal Server Error.
• status: internal_error
• message: Something is wrong. Please try again later.
• log_id: 202508170347597B7D0788540D165EB0F1"
2025-08-17,chunk_error,"HTTP 500 Internal Server Error.
• status: internal_error
• message: Something is wrong. Please try again later.
• log_id: 2025081703494568C654B168002956498D"
2025-08-17,empty_chunk,no message
2025-08-17,chunk_error,"HTTP 500 Internal Server Error.
• status: internal_error
• message: Something is wrong. Please try again later.
• log_id: 20250817035136C43C87E2488C4C5C24CE"
2025-08-17,chunk_error,"HTTP 500 Internal Server Error.
• status: internal_error
• message: Something is wrong. Please try again later.
• log_id: 202508170353227EEEDC57E9038A56F649"
2025-08-17,chunk_error,"HTTP 500 Internal Server Error.
• status: internal_error
• message: Something is wrong. Please try again later.
• log_id: 20250817035508EE530715220C96764C2E"
2025-08-17,chunk_error,"HTTP 500 Internal Server Error.
• status: internal_error
• message: Something is wrong. Please try again later.
• log_id: 20250817035653FA1E8FBFE08399606A6C"
2025-08-17,empty_chunk,no message
2025-08-17,chunk_error,"HTTP 500 Internal Server Error.
• status: internal_error
• message: Something is wrong. Please try again later.
• log_id: 202508170358448F4C71544203B7556747"
2025-08-17,empty_chunk,no message
2025-08-17,chunk_error,"HTTP 500 Internal Server Error.
• status: internal_error
• message: Something is wrong. Please try again later.
• log_id: 20250817040034F054CFA517E2455CEFAC"
2025-08-17,chunk_error,"HTTP 401 Unauthorized.
• status: access_token_invalid
• message: The access token is invalid or not found in the request.
• log_id: 202508170402204ADFE23DE2432C7538D6"
2025-08-17,chunk_error,"HTTP 500 Internal Server Error.
• status: internal_error
• message: Something is wrong. Please try again later.
• log_id: 2025081704040606F12774395C7268E36D"
2025-08-17,chunk_error,"HTTP 500 Internal Server Error.
• status: internal_error
• message: Something is wrong. Please try again later.
• log_id: 20250817040553A1891769DC36D65CC25E"
2025-08-17,chunk_error,"HTTP 500 Internal Server Error.
• status: internal_error
• message: Something is wrong. Please try again later.
• log_id: 20250817040739EC4FDFB8205F495CB812"
2025-08-17,chunk_error,"HTTP 500 Internal Server Error.
• status: internal_error
• message: Something is wrong. Please try again later.
• log_id: 20250817040924760D4754C3234B5DD74E"
2025-08-17,chunk_error,"HTTP 500 Internal Server Error.
• status: internal_error
• message: Something is wrong. Please try again later.
• log_id: 202508170411103D15E10FF31A215D6DA6"
2025-08-17,chunk_error,"HTTP 500 Internal Server Error.
• status: internal_error
• message: Something is wrong. Please try again later.
• log_id: 2025081704125558EA8E55BFE20257EBAE"
2025-08-17,chunk_error,"HTTP 500 Internal Server Error.
• status: internal_error
• message: Something is wrong. Please try again later.
• log_id: 20250817041441D704E9C8BBFEB75CA98E"
2025-08-17,chunk_error,"HTTP 500 Internal Server Error.
• status: internal_error
• message: Something is wrong. Please try again later.
• log_id: 20250817041627357CC3C01B86D35BCFFA"
2025-08-17,chunk_error,"HTTP 500 Internal Server Error.
• status: internal_error
• message: Something is wrong. Please try again later.
• log_id: 20250817041822B33C32C7F6CF686AA46C"
2025-08-17,chunk_error,"HTTP 500 Internal Server Error.
• status: internal_error
• message: Something is wrong. Please try again later.
• log_id: 202508170420085E55E65884A3FA5DE241"
2025-08-17,chunk_error,"HTTP 500 Internal Server Error.
• status: internal_error
• message: Something is wrong. Please try again later.
• log_id: 2025081704215321FD6A60FA3A91615B77"
2025-08-17,chunk_error,"HTTP 500 Internal Server Error.
• status: internal_error
• message: Something is wrong. Please try again later.
• log_id: 2025081704233826DAC54FBA0B4E60B452"
2025-08-17,chunk_error,"HTTP 500 Internal Server Error.
• status: internal_error
• message: Something is wrong. Please try again later.
• log_id: 202508170425247DA64A30E3169B56E788"
2025-08-17,empty_chunk,no message
2025-08-17,empty_chunk,no message
2025-08-17,chunk_error,"HTTP 500 Internal Server Error.
• status: internal_error
• message: Something is wrong. Please try again later.
• log_id: 202508170427238B85B991F2CD9F578CF0"
2025-08-17,chunk_error,"HTTP 500 Internal Server Error.
• status: internal_error
• message: Something is wrong. Please try again later.
• log_id: 20250817043051038A53283BF19356C5AE"
2025-08-17,chunk_error,"HTTP 500 Internal Server Error.
• status: internal_error
• message: Something is wrong. Please try again later.
• log_id: 20250817043241D49DEF1779C9C65F5681"
2025-08-17,chunk_error,"HTTP 500 Internal Server Error.
• status: internal_error
• message: Something is wrong. Please try again later.
• log_id: 202508170434375BE1FFF203F62A76D6FD"
2025-08-17,chunk_error,"HTTP 500 Internal Server Error.
• status: internal_error
• message: Something is wrong. Please try again later.
• log_id: 20250817043622A549D27E8734036A3A81"
2025-08-17,chunk_error,"HTTP 500 Internal Server Error.
• status: internal_error
• message: Something is wrong. Please try again later.
• log_id: 20250817043813804E7F3944D9FA68C97E"
2025-08-17,chunk_error,"HTTP 500 Internal Server Error.
• status: internal_error
• message: Something is wrong. Please try again later.
• log_id: 20250817043958A5BB0C6EDC59DF5600DF"
2025-08-17,chunk_error,"HTTP 500 Internal Server Error.
• status: internal_error
• message: Something is wrong. Please try again later.
• log_id: 20250817044149909C33EBDE4ACD61E277"
2025-08-17,chunk_error,"HTTP 500 Internal Server Error.
• status: internal_error
• message: Something is wrong. Please try again later.
• log_id: 20250817044339CA3ABA3C363EB5558C15"
2025-08-17,chunk_error,"HTTP 500 Internal Server Error.
• status: internal_error
• message: Something is wrong. Please try again later.
• log_id: 2025081704452496B7BABE5E8EBA6BFBDB"
2025-08-17,chunk_error,"HTTP 500 Internal Server Error.
• status: internal_error
• message: Something is wrong. Please try again later.
• log_id: 20250817044714F8F0DC5E445C5857DA9E"
2025-08-17,chunk_error,"HTTP 500 Internal Server Error.
• status: internal_error
• message: Something is wrong. Please try again later.
• log_id: 202508170449005A06073DEF391D6E6504"
2025-08-17,chunk_error,"HTTP 500 Internal Server Error.
• status: internal_error
• message: Something is wrong. Please try again later.
• log_id: 20250817045050F04D2EBE4B44D5604614"
2025-08-17,chunk_error,"HTTP 500 Internal Server Error.
• status: internal_error
• message: Something is wrong. Please try again later.
• log_id: 2025081704523685B8B3DEDFF540565039"
2025-08-17,chunk_error,"HTTP 500 Internal Server Error.
• status: internal_error
• message: Something is wrong. Please try again later.
• log_id: 202508170456122D6491F8B895D379D9C4"
2025-08-17,chunk_error,"HTTP 500 Internal Server Error.
• status: internal_error
• message: Something is wrong. Please try again later.
• log_id: 20250817045757E86D529087CE8963A6B4"
2025-08-17,chunk_error,"HTTP 500 Internal Server Error.
• status: internal_error
• message: Something is wrong. Please try again later.
• log_id: 202508170500030FB8834C3D1AA7560428"
2025-08-17,chunk_error,"HTTP 500 Internal Server Error.
• status: internal_error
• message: Something is wrong. Please try again later.
• log_id: 20250817050156907D82F121B2405FEEFA"
2025-08-17,chunk_error,"HTTP 500 Internal Server Error.
• status: internal_error
• message: Something is wrong. Please try again later.
• log_id: 202508170505252E852DA85F138B57B2B2"
2025-08-17,chunk_error,"HTTP 500 Internal Server Error.
• status: internal_error
• message: Something is wrong. Please try again later.
• log_id: 202508170507109B897AD906D4945AE70D"
2025-08-17,chunk_error,"HTTP 500 Internal Server Error.
• status: internal_error
• message: Something is wrong. Please try again later.
• log_id: 20250817050900C03E4208ED05516238DE"
2025-08-17,chunk_error,"HTTP 500 Internal Server Error.
• status: internal_error
• message: Something is wrong. Please try again later.
• log_id: 202508170510468CFBFDE16A32DF5B1DCC"
2025-08-17,chunk_error,"HTTP 500 Internal Server Error.
• status: internal_error
• message: Something is wrong. Please try again later.
• log_id: 202508170512311E855C348C2F3258BF85"
2025-08-17,empty_chunk,no message
2025-08-17,chunk_error,"HTTP 500 Internal Server Error.
• status: internal_error
• message: Something is wrong. Please try again later.
• log_id: 20250817051437575C3EB827372979716D"
2025-08-17,chunk_error,"HTTP 500 Internal Server Error.
• status: internal_error
• message: Something is wrong. Please try again later.
• log_id: 2025081705162649C750AE50863C6B92DB"
2025-08-17,chunk_error,"HTTP 500 Internal Server Error.
• status: internal_error
• message: Something is wrong. Please try again later.
• log_id: 2025081705181675636C92E0A44E6BE627"
2025-08-17,chunk_error,"HTTP 500 Internal Server Error.
• status: internal_error
• message: Something is wrong. Please try again later.
• log_id: 20250817052005F4B1FA03A8D1CB61AFD4"
2025-08-17,empty_chunk,no message
2025-08-17,chunk_error,"HTTP 500 Internal Server Error.
• status: internal_error
• message: Something is wrong. Please try again later.
• log_id: 20250817052158DE9F8CDEBD18265A68D0"
2025-08-17,chunk_error,"HTTP 500 Internal Server Error.
• status: internal_error
• message: Something is wrong. Please try again later.
• log_id: 202508170523568087C972E513E461F52A"
2025-08-17,chunk_error,"HTTP 500 Internal Server Error.
• status: internal_error
• message: Something is wrong. Please try again later.
• log_id: 202508170526219C828D8531745658BD98"
2025-08-17,chunk_error,"HTTP 500 Internal Server Error.
• status: internal_error
• message: Something is wrong. Please try again later.
• log_id: 20250817052807B1ED4BAC21BBFB613FE7"
2025-08-17,chunk_error,"HTTP 500 Internal Server Error.
• status: internal_error
• message: Something is wrong. Please try again later.
• log_id: 20250817052953EA5DE44EED372A5826FB"
2025-08-17,chunk_error,"HTTP 500 Internal Server Error.
• status: internal_error
• message: Something is wrong. Please try again later.
• log_id: 2025081705314377FC1953B809606CB9D1"
2025-08-17,daily_quota_exceeded,"HTTP 429 Too Many Requests.
• status: daily_quota_limit_exceeded
• message: The API daily quota limit exceeded. Please try again later
• log_id: 202508170531517E4D3993E2A1E357C3AB"
2025-08-17,chunk_error,Daily quota exceeded
