object_id,num_accounts
Bad Bunny will be a performer at the2026 Super Bowl LX Halftime Show on Apple Music #news #badbunny #SuperBowl #noticiastiktok #MLB ,12
BadBunnywillbeaperformeratthe2026SuperBowlLXHalftimeShowonAppleMusic.#news#badbunny#SuperBowl#noticiastiktok#MLB,9
Ting ting and bilqis concert blackpink deadline #ayutingting#bilqis #blackpink #deadlineworldtour #CapCut,9
Tingtingandbilqisconcertblackpinkdeadline#ayutingting#bilqis#blackpink #deadlineworldtour#CapCut,8
Every frame is an iconic scene! The hidden details in this movie are noticed by only 10% of viewers on their second watchÔºÅ#MovieTok#FilmClips#FYP#Entertainment#ClassicMovies,6
Bad Bunny will be a performer at the2026 Super Bowl LX Halftime Show onApple Music.#news #badbunny#superbowl #noticiastiktok #MLB ,3
Bad Bunny will be a performer at the2026 Super Bowl LX Halftime Show onApple Music.#news#badbunny#superbowl#noticiastiktok #MLB,3
BadBunnywillbeaperformeratthe2026SuperBowlLXHalftimeShowonAppleMusic.#news¬†#badbunny#SuperBowl¬†#noticiastiktok¬†#MLB,3
BadBunnyWillbeaperformeratthe2026SuperBowlLXHalftimeShowonAppleMusic#news#badbunny#superbowl#noticiastiktok#mlb,3
Kondisi terkini mushola PONPES Al Khoziny Sidoarjo ambruk saat salat ashar #jtvjember #evakuasi #sidoarjo #fyp,2
Bad Bunny will be a performer at the 2026 Super Bowl LX Halftime Show on Apple Music. #news #badbunny #superbowl #noticiastiktok #MLB,2
Ting ting and bilqis concert blackpink deadline #ayutingting#bilqis #blackpink #deadlineworldtour  #CapCut,2
The latest condition of the mosque PONPES AlKhozinySidoarjo collapsed during Asrprayer#jtvjember #evakuasi #sidoarjo #fyp,2
The latest condition of the mosque PONPES AlKhozinySidoarjo collapsed during Asrprayer#jtvjember#evakuasi#sidoarjo #fyp,2
Bad Bunny will be e performer at the 2026 Super Bowl LX Halftime Show on Apple - Music. #news #badbunny #SuperBowl #noticiastiktok #MLB ,1
Bad Bunny will be e performer at the 2026 Super Bowl LX Halftime Show on Apple - Music. #news #badbunny #SuperBowl #noticiastiktok #MLB,1
Bad Bunny Will be a performer at the 2026 Super Bowl LX Halftime Show on Apple Music #news #badbunny #SuperBowl #noticiastiktok #MLB ,1
üò≠üò≠@TheJubalShowJubalinthemorningradioprogram‚ÄúBrookeandJubal‚Äù#brookeandjubal#brookandjubalinthemorning#seconddate#seconddateupdate#prank,1
Ting ting and bilqis concert blackpink deadline #ayutingting#bilqis #blackpink<br/>#deadlineworldtour #CapCut,1
The latest condition of the mosque PONPES AlKhozinySidoarjo collapsed during Asrprayer#jtvjember#evakuasi#sidoarjo #fyp ,1
HurricaneMelissaupdate-12noonJamaica.Footageasthehurricanemakeslandfallwithhistoric185mphwinds#hurricanemelissa#melissa#jamaica#news#fyp,1
Bad Bunny will be a performer at the2026Super Bowl LX Halftime Show onApple Music.#news #badbunny #superbowl #noticiastiktok #MLB,1
BadBunnywillbeaperformeratthe2026SuperBowlLXHalftimeShowonAppleMusic.#news#badbunny#superbowl#noticiastiktok#MLB ,1
